{"tg_front_x": -45.493818941667925, "tg_center_y": -1.9972227742095314, "tg_center_z": 6.7496108342162415}