{"tg_front_x": -45.60342143371917, "tg_center_y": -1.274967345949389, "tg_center_z": 6.734263613826613}