{"tg_front_x": -45.374802070953834, "tg_center_y": 1.0455458872330041, "tg_center_z": -0.07996000230561862}