{"tg_front_x": -44.22928846107172, "tg_center_y": -12.193129036051445, "tg_center_z": 0.13271489405095238}