{"tg_front_x": -45.082884689033136, "tg_center_y": -1.117521294685055, "tg_center_z": 6.487773829237824}