{"tg_front_x": -45.21728331896006, "tg_center_y": -13.701315037263335, "tg_center_z": 5.064636398159621}