{"tg_front_x": -45.155069009263556, "tg_center_y": -1.728521067773432, "tg_center_z": 6.6229326836139535}