{"tg_front_x": -45.41950276935368, "tg_center_y": -1.1581770759451144, "tg_center_z": 6.682514854142994}