{"tg_front_x": -45.13426540014322, "tg_center_y": -3.0692585478085093, "tg_center_z": 6.73205193584073}