{"tg_front_x": -45.390547039393574, "tg_center_y": -1.629841343246759, "tg_center_z": 6.709221036781514}