{"tg_front_x": -36.3435150176334, "tg_center_y": 2.1258273410528785, "tg_center_z": 5.771489292017861}