{"tg_front_x": -45.307813225839425, "tg_center_y": -1.4988006220075132, "tg_center_z": 6.671881509103741}