{"tg_front_x": -45.288868274537094, "tg_center_y": 0.24265376035220143, "tg_center_z": 6.238843979543674}