{"tg_front_x": -36.84810911297672, "tg_center_y": 2.2078562858108057, "tg_center_z": -5.897003964619898}