{"tg_front_x": -36.09189018648649, "tg_center_y": 1.4488883468212563, "tg_center_z": 5.630941005467321}