{"tg_front_x": -45.75087135709697, "tg_center_y": -0.8510406016015466, "tg_center_z": 6.7422864731140635}