{"tg_front_x": -45.85629459772384, "tg_center_y": -1.6455898096017343, "tg_center_z": 6.787960308677896}