{"tg_front_x": -45.03293083015167, "tg_center_y": -0.8682625319508546, "tg_center_z": 6.302057715582976}