{"tg_front_x": -35.301096930958934, "tg_center_y": -3.6273134834391243, "tg_center_z": -0.022235401546780054}