{"tg_front_x": -45.49976633210456, "tg_center_y": -2.3781513119657838, "tg_center_z": 6.7801965131722}