{"tg_front_x": -36.3199263126135, "tg_center_y": 1.9799916724803523, "tg_center_z": 5.7292638995529614}