{"tg_front_x": -44.545003975544184, "tg_center_y": -15.204931859372834, "tg_center_z": 5.064077749367016}