{"tg_front_x": -47.79779127304475, "tg_center_y": 4.550034083882815, "tg_center_z": 6.763521595867758}