{"tg_front_x": -45.124802070953834, "tg_center_y": 1.0006833748495296, "tg_center_z": 0.045039997694381384}