{"tg_front_x": -46.6713654380651, "tg_center_y": 3.4301274770500685, "tg_center_z": 6.716689970278935}