{"tg_front_x": -45.42966784308011, "tg_center_y": -2.9294392545727064, "tg_center_z": 6.783458343572988}