{"tg_front_x": -46.867349151418594, "tg_center_y": 3.4691889470309265, "tg_center_z": 6.743931775330054}