{"tg_front_x": -44.887382007486615, "tg_center_y": -1.8618844543425226, "tg_center_z": 6.488583387813549}