{"tg_front_x": -43.98653906372538, "tg_center_y": -14.215299772160366, "tg_center_z": 4.984780959321483}