{"tg_front_x": -47.54435319550206, "tg_center_y": 2.648275415524033, "tg_center_z": 6.781689891690405}