{"tg_front_x": -46.83848976534747, "tg_center_y": 3.4035818900288746, "tg_center_z": 6.739656870370453}