{"tg_front_x": -47.070245467005236, "tg_center_y": 1.444428712524104, "tg_center_z": 6.783046788004981}