{"tg_front_x": -45.32480207095384, "tg_center_y": 1.0091055468676018, "tg_center_z": -0.10496000230562075}