{"tg_front_x": -45.12052369995077, "tg_center_y": -2.4059044257875772, "tg_center_z": 6.694514784031526}