{"tg_front_x": -46.86292661775446, "tg_center_y": -0.9454119725948829, "tg_center_z": 6.758712018239521}