{"tg_front_x": -43.97928846107172, "tg_center_y": -12.200862609480822, "tg_center_z": 0.2577148940509524}