{"tg_front_x": -46.84578539256945, "tg_center_y": 4.342202355742867, "tg_center_z": 6.747016146940382}