{"tg_front_x": -45.81359973129756, "tg_center_y": -0.8583166455494009, "tg_center_z": 6.755520229204592}