{"tg_front_x": -45.22480207095383, "tg_center_y": 1.027151667607086, "tg_center_z": -0.1549600023056179}