{"tg_front_x": -45.20946566500638, "tg_center_y": -1.838056842321187, "tg_center_z": 6.6682485916829535}