{"tg_front_x": -45.374802070953834, "tg_center_y": 1.0189042531907404, "tg_center_z": -0.07996000230561862}