{"tg_front_x": -47.04436327995274, "tg_center_y": 2.7297812651566886, "tg_center_z": 6.762398065381092}