{"tg_front_x": -45.3, "tg_center_y": 1.024013294557534, "tg_center_z": -0.15000000000000036}