{"tg_front_x": -44.89131554125586, "tg_center_y": -1.5931663819608275, "tg_center_z": 6.383737343168605}