{"tg_front_x": -46.96920491292911, "tg_center_y": 3.1354937257884536, "tg_center_z": 6.755170497883341}