{"tg_front_x": -45.26362800536184, "tg_center_y": -1.5038909246811194, "tg_center_z": 6.648779798079659}