{"tg_front_x": -45.96501214715504, "tg_center_y": 1.3187223350662833, "tg_center_z": 6.617703919717201}