{"tg_front_x": -45.42480207095383, "tg_center_y": 1.0059488789573692, "tg_center_z": -0.1549600023056179}