{"tg_front_x": -45.150000000000006, "tg_center_y": 1.0615177304964476, "tg_center_z": -0.1750000000000007}