{"tg_front_x": -45.603349805864745, "tg_center_y": -1.297137469876077, "tg_center_z": 6.735409373581035}