{"tg_front_x": -45.0813840921492, "tg_center_y": -1.727038154146733, "tg_center_z": 6.582954290104624}